0.0,1.4967141530112327
0.001001001001001001,0.8239800666312798
0.002002002002002002,1.572143687989699
0.003003003003003003,2.4096681749343656
0.004004004004004004,0.6146464709331168
0.005005005005005005,0.5768087450030116
0.006006006006006006,2.3522946713805637
0.007007007007007007,1.502649001875044
0.008008008008008008,0.22787452776737954
0.009009009009009009,1.2020517785611844
0.01001001001001001,0.1582309939070936
0.011011011011011011,0.11809595862135819
0.012012012012012012,0.7879910183523439
0.013013013013013013,-1.4050165275576343
0.014014014014014014,-1.254381292517468
0.015015015015015015,-0.12943440757376035
0.016016016016016016,-0.6176117636248394
0.017017017017017015,0.6718884597826373
0.018018018018018018,-0.5878997738141163
0.01901901901901902,-1.129628966842862
0.02002002002002002,1.7109470333821126
0.02102102102102102,-0.017775586184775954
0.022022022022022022,0.23831609424945552
0.023023023023023025,-1.2910826084869935
0.024024024024024024,-0.44774317721313295
0.025025025025025023,0.1706381366636493
0.026026026026026026,-1.1280942729200591
0.02702702702702703,0.36189454446732683
0.028028028028028028,-0.6510257945275787
0.029029029029029027,-0.37853967738219574
0.03003003003003003,-0.724880919318304
0.031031031031031032,1.6929115518743476
0.03203203203203203,-0.20891454462826398
0.03303303303303303,-1.2890317404931921
0.03403403403403403,0.5554733339567247
0.035035035035035036,-1.523507769019084
0.036036036036036036,-0.12922936818966788
0.037037037037037035,-2.3330227939011934
0.03803803803803804,-1.7366238791994193
0.03903903903903904,-0.2464818311220056
0.04004004004004004,0.26040354391594744
0.04104104104104104,-0.3412241462322383
0.04204204204204204,-0.6625742479649006
0.043043043043043044,-0.8821621062182217
0.044044044044044044,-2.0935065493816443
0.04504504504504504,-1.3685434527288831
0.04604604604604605,-1.142836109125288
0.04704704704704705,0.3416484753565925
0.04804804804804805,-0.4049051427865521
0.04904904904904905,-2.5443815283022535
0.050050050050050046,-0.48983863466686073
0.05105105105105105,-1.2313444795110082
0.05205205205205205,-1.555277274414629
0.05305305305305305,-0.2985206997951325
0.05405405405405406,0.08921697607031276
0.055055055055055056,-0.04182707707851796
0.056056056056056056,-1.8433837555909367
0.057057057057057055,-1.3441673716672087
0.058058058058058054,-0.7342054431743691
0.05905905905905906,-0.1201581774624314
0.06006006006006006,-1.6048280082136996
0.06106106106106106,-1.3409747824311158
0.062062062062062065,-2.291019968627703
0.06306306306306306,-2.409963595540885
0.06406406406406406,-0.43000159978835484
0.06506506506506507,0.0852479438436562
0.06606606606606606,-1.3711568713162017
0.06706706706706707,-0.32345436331766964
0.06806806806806806,-0.9928734921034975
0.06906906906906907,-2.026829224810329
0.07007007007007007,-1.0471875227757992
0.07107107107107107,0.10291001127713972
0.07207207207207207,-1.4971619103285807
0.07307307307307308,0.07743640204119706
0.07407407407407407,-4.1324820420312545
0.07507507507507508,-0.7160187127147039
0.07607607607607608,-1.4757093751927537
0.07707707707707707,-1.8862463790540887
0.07807807807807808,-1.5196046676167345
0.07907907907907907,-3.622701136823632
0.08008008008008008,-1.8782078437838454
0.08108108108108109,-1.324460728526983
0.08208208208208208,-0.22634692655970468
0.08308308308308308,-2.24480596740051
0.08408408408408408,-2.5569480788869154
0.08508508508508508,-2.271751101535828
0.08608608608608609,-0.8757493473913494
0.08708708708708708,-1.4831726223654877
0.08808808808808809,-2.3620681620823314
0.0890890890890891,-1.3390338758272815
0.09009009009009009,-1.7748234653694719
0.09109109109109109,-0.922459382195269
0.0920920920920921,-2.6119618406050673
0.09309309309309309,-2.2559737141470753
0.0940940940940941,-2.338418486624893
0.09509509509509509,-3.427417558836563
0.0960960960960961,-1.6849657564816674
0.0970970970970971,-1.7368030327734971
0.0980980980980981,-2.0091037401373866
0.0990990990990991,-2.264747683512457
0.10010010010010009,-3.4610570177657793
0.1011011011011011,-2.481437676864913
0.1021021021021021,-2.4181913525961543
0.1031031031031031,-2.8920151121139805
0.1041041041041041,-2.264859278268287
0.10510510510510511,-1.7129314134535234
0.1061061061061061,-0.24377638703922133
0.10710710710710711,-1.967934213613625
0.10810810810810811,-1.8970795718017002
0.1091091091091091,-2.240760561916125
0.11011011011011011,-4.096335914489337
0.1111111111111111,-2.2148926913666362
0.11211211211211211,-2.138525553255846
0.11311311311311312,0.25454773182400636
0.11411411411411411,-2.4105545456581394
0.11511511511511512,-1.925705007162518
0.11611611611611611,-2.2705815151029345
0.11711711711711711,-3.4127229384367697
0.11811811811811812,-1.1089542069495848
0.11911911911911911,-1.5071323539424026
0.12012012012012012,-1.4748774022324618
0.12112112112112113,-3.181695790918585
0.12212212212212212,-0.8754675367859885
0.12312312312312312,-3.6856205212961655
0.12412412412412413,-1.7019737230354912
0.12512512512512514,-0.10299001924185358
0.12612612612612611,-3.288150064608205
0.12712712712712712,-2.867632700043697
0.12812812812812813,-2.204957917184155
0.12912912912912913,-2.8109123474061306
0.13013013013013014,-3.860480726846892
0.13113113113113112,-2.2431882811532335
0.13213213213213212,-3.375542527648693
0.13313313313313313,-1.8406878529549082
0.13413413413413414,-3.2343002868658512
0.13513513513513514,-0.7650921773690094
0.13613613613613612,-3.0979857001006845
0.13713713713713713,-2.6360556533482593
0.13813813813813813,-1.4992952348757393
0.13913913913913914,-3.54205242444859
0.14014014014014015,-2.081661997863358
0.14114114114114115,-0.9994720722604409
0.14214214214214213,-3.911150998497683
0.14314314314314314,-2.1156479323909827
0.14414414414414414,-2.0365752319213444
0.14514514514514515,-1.5103747887559686
0.14614614614614616,-3.5244526677290207
0.14714714714714713,-3.6028288628004126
0.14814814814814814,-1.754868379626878
0.14914914914914915,-1.9738318475919792
0.15015015015015015,-2.0139006745237857
0.15115115115115116,-1.911094367039315
0.15215215215215216,-2.930290087032589
0.15315315315315314,-2.010309954269257
0.15415415415415415,-1.94136679084865
0.15515515515515516,-2.9402455208772484
0.15615615615615616,-0.35115562487834606
0.15715715715715717,-1.7337164801365477
0.15815815815815815,-3.389057501067917
0.15915915915915915,-1.5309925099752322
0.16016016016016016,-3.1516096574706687
0.16116116116116116,-1.3788173154383165
0.16216216216216217,-0.9958747118840863
0.16316316316316315,-2.9633178638559126
0.16416416416416416,-1.1670240631467599
0.16516516516516516,-1.7049858798130972
0.16616616616616617,-1.2826778691731908
0.16716716716716717,-0.19452358252533197
0.16816816816816815,-2.322893300816975
0.16916916916916916,-2.8170428864873847
0.17017017017017017,-2.9382385043673107
0.17117117117117117,-2.8495704883020805
0.17217217217217218,-2.0955198405911575
0.17317317317317318,-1.6615489687836562
0.17417417417417416,-1.7099209881725526
0.17517517517517517,-1.1429706217777116
0.17617617617617617,-1.9403285700867454
0.17717717717717718,-0.4826108121876804
0.1781781781781782,-2.183257373986416
0.17917917917917917,0.8194683037774659
0.18018018018018017,-1.2567820126745177
0.18118118118118118,-2.721007152643222
0.18218218218218218,-2.9157976879292535
0.1831831831831832,-1.343147402313543
0.1841841841841842,-2.029459996700684
0.18518518518518517,-1.0720406645884935
0.18618618618618618,-1.2925178769026384
0.1871871871871872,-1.8179730484355412
0.1881881881881882,-2.5710047290388682
0.1891891891891892,-3.2178073538382947
0.19019019019019018,-2.1279104965481777
0.19119119119119118,-0.8031225681742504
0.1921921921921922,-1.4232479953259403
0.1931931931931932,-2.8605996603439015
0.1941941941941942,-1.4189021187832884
0.19519519519519518,-1.1836951529750215
0.1961961961961962,-2.4295111342014066
0.1971971971971972,-1.3682858339437645
0.1981981981981982,-1.4398799857736833
0.1991991991991992,-2.6168617804201526
0.20020020020020018,-1.0916364512619243
0.2012012012012012,-0.8639057457852303
0.2022022022022022,-0.3166442454338765
0.2032032032032032,-0.32064207608344275
0.2042042042042042,-2.726610267766464
0.20520520520520522,-2.261015593935903
0.2062062062062062,-0.7821626143192275
0.2072072072072072,-0.7571817618367559
0.2082082082082082,-0.7294572306540111
0.2092092092092092,2.634917089166208
0.21021021021021022,-0.6200106002215091
0.2112112112112112,-0.028204386077562926
0.2122122122122122,-0.18242440066495158
0.2132132132132132,-0.45748332475208686
0.21421421421421422,-1.3963895920091238
0.21521521521521522,-0.2941993761507604
0.21621621621621623,-1.797849689274558
0.2172172172172172,-1.233511770695302
0.2182182182182182,-1.453543425043157
0.21921921921921922,-0.8576157177978839
0.22022022022022023,1.4040301912425135
0.22122122122122123,-2.7488659241447224
0.2222222222222222,-0.16615206193681475
0.22322322322322322,-2.4357841619497256
0.22422422422422422,-1.2655060911615688
0.22522522522522523,0.3250151378102297
0.22622622622622623,-0.6698773996786659
0.2272272272272272,-1.781990331580611
0.22822822822822822,-1.3895090443459202
0.22922922922922923,0.03555549357649379
0.23023023023023023,-1.344128458541113
0.23123123123123124,-0.3669109914393627
0.23223223223223222,-0.5072992278586933
0.23323323323323322,-1.173872201829014
0.23423423423423423,1.6523665652852226
0.23523523523523523,0.17312534592879247
0.23623623623623624,-2.4550685117358846
0.23723723723723725,-0.21252558285635992
0.23823823823823823,-1.0297476991073362
0.23923923923923923,0.515557747402225
0.24024024024024024,-1.0982493583474064
0.24124124124124124,-0.38926244651038044
0.24224224224224225,0.2617138539639339
0.24324324324324323,0.6537786239382599
0.24424424424424424,-1.3809375453775232
0.24524524524524524,-0.48377406906485143
0.24624624624624625,-0.5928226754081989
0.24724724724724725,-0.7397896777092896
0.24824824824824826,1.7104264471402557
0.24924924924924924,0.3813965828754177
0.2502502502502503,-1.25302212575982
0.25125125125125125,0.9571693017353754
0.25225225225225223,2.1929019253195143
0.25325325325325326,1.1346364892512755
0.25425425425425424,-1.385791828751096
0.2552552552552553,-0.3192733346627735
0.25625625625625625,1.4632244692425762
0.25725725725725723,-0.4800392895960456
0.25825825825825827,0.702725033349749
0.25925925925925924,1.0647679668928056
0.2602602602602603,-0.6056210572053861
0.26126126126126126,0.29290107406017357
0.26226226226226224,-2.8577880476038384
0.26326326326326327,-0.6099252976962817
0.26426426426426425,0.19280178588669988
0.2652652652652653,-0.7715867425986733
0.26626626626626626,2.139347533047281
0.26726726726726724,-0.8925576780371145
0.2682682682682683,0.12808877357330167
0.26926926926926925,0.7293199119196857
0.2702702702702703,2.0701896534747224
0.27127127127127126,-0.77672334237578
0.27227227227227224,1.8524048979144063
0.2732732732732733,0.7294509338693583
0.27427427427427425,-0.23244514287951645
0.2752752752752753,1.240876065507556
0.27627627627627627,1.0073993794938227
0.2772772772772773,0.23754249409542638
0.2782782782782783,0.9368283473811818
0.27927927927927926,0.5108213945983102
0.2802802802802803,1.0385975636953337
0.28128128128128127,1.6159873045735824
0.2822822822822823,2.5684757567443466
0.2832832832832833,-0.2269336059727023
0.28428428428428426,3.1721536335762917
0.2852852852852853,-0.8849189584436665
0.2862862862862863,0.9432373776066841
0.2872872872872873,1.710993225289488
0.2882882882882883,1.431116245212487
0.28928928928928926,0.5546629603091344
0.2902902902902903,0.996263042262054
0.2912912912912913,0.7381868813511818
0.2922922922922923,0.6684003304597479
0.2932932932932933,2.133714277764947
0.29429429429429427,1.6672396935939677
0.2952952952952953,0.6431867228535345
0.2962962962962963,2.261323576933738
0.2972972972972973,1.6944011080123988
0.2982982982982983,2.2250873640262405
0.29929929929929927,2.0667188293490057
0.3003003003003003,0.6326961570689502
0.3013013013013013,0.925843143959183
0.3023023023023023,2.257378082210556
0.3033033033033033,2.144237798017812
0.30430430430430433,1.5364672878708734
0.3053053053053053,1.6979114854482618
0.3063063063063063,2.881173713433253
0.3073073073073073,1.0345673112276796
0.3083083083083083,2.1955668505502546
0.30930930930930933,1.4683042421334904
0.3103103103103103,1.4745355910452913
0.3113113113113113,2.812401889500915
0.3123123123123123,2.560133893347227
0.3133133133133133,2.568999922595466
0.31431431431431434,3.081418095553154
0.3153153153153153,1.8170644686217414
0.3163163163163163,2.4978034045714854
0.3173173173173173,1.5250381359096787
0.3183183183183183,2.1785865973580036
0.31931931931931934,1.7430497317953368
0.3203203203203203,1.9886148333546945
0.3213213213213213,2.5048519256859256
0.32232232232232233,1.109196664767505
0.3233233233233233,4.037170011459062
0.32432432432432434,0.9557702647833983
0.3253253253253253,0.7642401085781729
0.3263263263263263,3.1528135360439355
0.32732732732732733,2.802268925533956
0.3283283283283283,2.6502560680174936
0.32932932932932935,2.6696351138122814
0.3303303303303303,2.043816465106036
0.3313313313313313,1.1731997876580547
0.33233233233233234,2.160263997102895
0.3333333333333333,1.4209144998400998
0.33433433433433435,3.0864214077893437
0.3353353353353353,1.9770757086241053
0.3363363363363363,1.3110705887074046
0.33733733733733734,1.8272173108935763
0.3383383383383383,2.5731681032015
0.33933933933933935,1.6077412455327709
0.34034034034034033,1.360067795361127
0.34134134134134136,2.4363886952001836
0.34234234234234234,2.447669972051532
0.3433433433433433,1.705348559163692
0.34434434434434436,1.7504260387841368
0.34534534534534533,2.4622690961966485
0.34634634634634637,0.7904698333724924
0.34734734734734735,0.8390036842119977
0.3483483483483483,1.535512924239437
0.34934934934934936,2.0475742890843485
0.35035035035035034,2.578566185344434
0.35135135135135137,3.7492232448628737
0.35235235235235235,3.137304704679391
0.3533533533533533,2.125052737542497
0.35435435435435436,2.27088793631206
0.35535535535535534,1.2918529765810112
0.3563563563563564,2.279911423782623
0.35735735735735735,2.0133709340879773
0.35835835835835833,2.6279147864694097
0.35935935935935936,1.4806924930971515
0.36036036036036034,2.829556708795161
0.3613613613613614,3.844794475509133
0.36236236236236236,2.2046985275520483
0.36336336336336333,2.7161304656622
0.36436436436436437,3.005079038530651
0.36536536536536535,1.913786468825642
0.3663663663663664,2.538726335391615
0.36736736736736736,2.326407688073432
0.3683683683683684,2.4102269158761915
0.36936936936936937,1.5378303090285743
0.37037037037037035,2.333193011204155
0.3713713713713714,2.8040771375933438
0.37237237237237236,3.754171599632026
0.3733733733733734,3.258801044191205
0.3743743743743744,4.448768001339374
0.37537537537537535,1.523846498784676
0.3763763763763764,3.158676575035072
0.37737737737737737,2.46441342016419
0.3783783783783784,4.4651437378772485
0.3793793793793794,1.4608662122663623
0.38038038038038036,1.422821113646369
0.3813813813813814,1.6560840702058024
0.38238238238238237,0.12407066294799396
0.3833833833833834,1.7142576328539403
0.3843843843843844,1.4724836134395882
0.38538538538538536,2.373171866151122
0.3863863863863864,2.5552549488141993
0.38738738738738737,4.079950772048246
0.3883883883883884,3.144045848154781
0.3893893893893894,1.6061226727053661
0.39039039039039036,1.2735794134527172
0.3913913913913914,2.6524457202292573
0.3923923923923924,0.8283918550660145
0.3933933933933934,3.9677498050062137
0.3943943943943944,3.302966087002294
0.39539539539539537,1.6411557496134863
0.3963963963963964,0.38357444627231096
0.3973973973973974,3.43653276270018
0.3983983983983984,1.9536475684598664
0.3993993993993994,3.2911082062556356
0.40040040040040037,0.4435480854614431
0.4014014014014014,1.4228659250309517
0.4024024024024024,2.011333259591367
0.4034034034034034,2.0365042978228516
0.4044044044044044,1.5224801026212382
0.40540540540540543,2.5780073649930886
0.4064064064064064,0.8697411817090066
0.4074074074074074,1.7767810242072595
0.4084084084084084,2.020852226591996
0.4094094094094094,2.3959912375868244
0.41041041041041043,2.5737654160149575
0.4114114114114114,0.7177115758713246
0.4124124124124124,0.288050358243499
0.4134134134134134,3.079262745789402
0.4144144144144144,2.1129347322092533
0.41541541541541543,1.0107853144068044
0.4164164164164164,3.2886942893222617
0.4174174174174174,1.831109805018497
0.4184184184184184,2.8722507315995425
0.4194194194194194,1.737619114769231
0.42042042042042044,3.7076276050399914
0.4214214214214214,3.378634844683776
0.4224224224224224,1.3503828272601566
0.42342342342342343,2.5466129890497333
0.4244244244244244,2.195758637119952
0.42542542542542544,2.8940040400497242
0.4264264264264264,0.5350915806144674
0.4274274274274274,2.1603655008471083
0.42842842842842843,2.5066977041718284
0.4294294294294294,-0.3368431219754242
0.43043043043043044,0.21192882078085695
0.4314314314314314,-0.6710821454115685
0.43243243243243246,1.0713815909269113
0.43343343343343343,2.0306487881109665
0.4344344344344344,2.7874654800304883
0.43543543543543545,1.3308930217259762
0.4364364364364364,2.856795700765706
0.43743743743743746,-0.1808430528282583
0.43843843843843844,-0.533345159303519
0.4394394394394394,1.084973420161129
0.44044044044044045,1.4947797622428656
0.44144144144144143,1.0479265559466724
0.44244244244244246,-1.0171955178704775
0.44344344344344344,0.9304746480337498
0.4444444444444444,-0.315799292228485
0.44544544544544545,1.6271503288223477
0.44644644644644643,1.2926203312396036
0.44744744744744747,-0.0455719340829972
0.44844844844844844,0.3484729378251753
0.4494494494494494,-0.22909060954251081
0.45045045045045046,0.7349827888186798
0.45145145145145144,1.7201040022734162
0.45245245245245247,-0.2536987992631703
0.45345345345345345,1.202910086741746
0.4544544544544544,0.13521806583735263
0.45545545545545546,-0.16100417627790953
0.45645645645645644,0.491017235732585
0.4574574574574575,-0.47122467159194936
0.45845845845845845,-0.023865298858912976
0.45945945945945943,-0.702526008077663
0.46046046046046046,2.4254516755915523
0.46146146146146144,0.46117682585402786
0.4624624624624625,-0.30880810268247716
0.46346346346346345,0.5697242083301395
0.46446446446446443,0.20807129428714394
0.46546546546546547,0.06391836992320515
0.46646646646646645,0.8633823299927613
0.4674674674674675,0.970895521467725
0.46846846846846846,-0.3530911185829676
0.4694694694694695,-0.43453041439363105
0.47047047047047047,-0.17002492311882533
0.47147147147147145,-2.2332886948505744
0.4724724724724725,-1.4830805251809305
0.47347347347347346,1.3623408909066042
0.4744744744744745,1.6036741146681743
0.4754754754754755,-0.3272004744406515
0.47647647647647645,0.4614167954842543
0.4774774774774775,0.15903509600217092
0.47847847847847846,2.8894974593556277
0.4794794794794795,0.892935650297605
0.4804804804804805,-0.39189458949858047
0.48148148148148145,-1.2569311861127037
0.4824824824824825,-1.9453209929620694
0.48348348348348347,-0.1729592970363098
0.4844844844844845,-1.170380409865718
0.4854854854854855,-1.8739427018842796
0.48648648648648646,-1.1359679118159343
0.4874874874874875,-1.608689873548021
0.48848848848848847,1.1222180273558868
0.4894894894894895,0.27890543786777044
0.4904904904904905,-0.6485407142269882
0.49149149149149146,0.8015252091273573
0.4924924924924925,-0.6389126351560493
0.4934934934934935,-1.6154323600739193
0.4944944944944945,0.731109458478314
0.4954954954954955,-0.29096431587980165
0.4964964964964965,-1.9049675683978347
0.4974974974974975,-1.0958884907060384
0.4984984984984985,-1.8189718371796526
0.4994994994994995,-2.3639264863334084
0.5005005005005005,-0.09268580773305013
0.5015015015015015,0.8528592279680609
0.5025025025025025,-2.4927705319550957
0.5035035035035035,-0.568824789512329
0.5045045045045045,-1.8199672237874425
0.5055055055055055,-1.6939142701269967
0.5065065065065065,-1.8365746941671817
0.5075075075075075,-2.14548513045109
0.5085085085085085,-1.270202094046279
0.5095095095095095,-2.1868130417371723
0.5105105105105106,-1.1224492263154258
0.5115115115115115,-1.480085303574583
0.5125125125125125,-1.7056285015708461
0.5135135135135135,-2.4109636115467445
0.5145145145145145,-2.1167711380899457
0.5155155155155156,-0.8210829461772413
0.5165165165165165,-1.1119000137479667
0.5175175175175175,-2.62657831496805
0.5185185185185185,-1.5857536645360102
0.5195195195195195,-0.9696129869143486
0.5205205205205206,-3.426165000660661
0.5215215215215215,-1.24899885352843
0.5225225225225225,-2.490416117244305
0.5235235235235235,-1.2924552786329224
0.5245245245245245,-2.6613972822743377
0.5255255255255256,-3.737921330951461
0.5265265265265265,-3.5952940595670433
0.5275275275275275,-1.954184739286903
0.5285285285285285,-1.7768653335005216
0.5295295295295295,-2.9750171337591658
0.5305305305305306,-1.4660097145167108
0.5315315315315315,-3.7998073872155427
0.5325325325325325,-2.2378302877310916
0.5335335335335335,-3.4160024214568763
0.5345345345345345,-2.8898252179588764
0.5355355355355356,-2.223355102786775
0.5365365365365365,-3.1636882315527535
0.5375375375375375,-2.7201026175875453
0.5385385385385385,-1.3612723076667108
0.5395395395395395,-2.9762156235248836
0.5405405405405406,-1.5951256663094888
0.5415415415415415,-3.591748875617918
0.5425425425425425,-1.9631871729617818
0.5435435435435435,-1.082092055542124
0.5445445445445445,-5.025689444915162
0.5455455455455456,-3.381034400551675
0.5465465465465466,-2.036866179714508
0.5475475475475475,-2.8464828882804682
0.5485485485485485,-2.301485972708953
0.5495495495495496,-3.305501683862734
0.5505505505505506,-2.643496871206233
0.5515515515515516,-2.9140148146093705
0.5525525525525525,-1.6184824916931833
0.5535535535535535,-2.5594420791837926
0.5545545545545546,-2.503525413494602
0.5555555555555556,-3.2799324159675494
0.5565565565565566,-3.3822467556577034
0.5575575575575575,-3.353437044629247
0.5585585585585585,-2.5523138696250114
0.5595595595595596,-3.3932821156475774
0.5605605605605606,-2.7076945579157816
0.5615615615615616,-0.9468762954163767
0.5625625625625625,-2.17559176449885
0.5635635635635635,-3.396806917869287
0.5645645645645646,-1.893259829093735
0.5655655655655656,-3.5258588967499023
0.5665665665665666,-5.178833253337869
0.5675675675675675,-4.171331717062592
0.5685685685685685,-5.056181637485144
0.5695695695695696,-3.5586513197281215
0.5705705705705706,-3.2100676296411486
0.5715715715715716,-1.5729932276530516
0.5725725725725725,-2.943040418878445
0.5735735735735735,-3.5091947196604956
0.5745745745745746,-2.4804006380454133
0.5755755755755756,-5.540235732814829
0.5765765765765766,-3.1123588544370513
0.5775775775775776,-2.5955566619895567
0.5785785785785785,-4.863028733024701
0.5795795795795796,-2.2582780604356
0.5805805805805806,-3.0806911586243393
0.5815815815815816,-3.8511937142068735
0.5825825825825826,-2.8194019308045104
0.5835835835835835,-1.1973257544017333
0.5845845845845846,-3.3015411134551216
0.5855855855855856,-3.2501266683684302
0.5865865865865866,-3.9721964260276628
0.5875875875875876,-4.376713876675303
0.5885885885885885,-2.710110771399699
0.5895895895895896,-4.409648053997483
0.5905905905905906,-3.4946537185310076
0.5915915915915916,-4.056068814923455
0.5925925925925926,-3.111156306306609
0.5935935935935935,-3.267729878786646
0.5945945945945946,-2.574636786875098
0.5955955955955956,-4.132504649632733
0.5965965965965966,-3.9021994268395703
0.5975975975975976,-4.620447189086501
0.5985985985985985,-4.094856547654428
0.5995995995995996,-3.2816616048299196
0.6006006006006006,-2.9098895233365822
0.6016016016016016,-4.596475046453879
0.6026026026026026,-2.811649305893262
0.6036036036036035,-2.332075246728153
0.6046046046046046,-3.2802469854426994
0.6056056056056056,-1.82236436428016
0.6066066066066066,-4.477935844487821
0.6076076076076076,-4.953294747071983
0.6086086086086087,-5.491359444665298
0.6096096096096096,-2.2200986882313885
0.6106106106106106,-3.0647847723558512
0.6116116116116116,-3.7772452016258837
0.6126126126126126,-3.4437038024891966
0.6136136136136137,-4.850674368604341
0.6146146146146146,-1.2804465022933065
0.6156156156156156,-3.5974900778742183
0.6166166166166166,-3.6173282853924245
0.6176176176176176,-3.0004668190847523
0.6186186186186187,-3.244232693555703
0.6196196196196196,-3.4998641550717307
0.6206206206206206,-4.512226389047288
0.6216216216216216,-3.247784635432829
0.6226226226226226,-1.834226740430416
0.6236236236236237,-2.367326577280596
0.6246246246246246,-2.11555255854263
0.6256256256256256,-4.215444707810293
0.6266266266266266,-4.688821167736601
0.6276276276276276,-3.8194883152375976
0.6286286286286287,-3.6319595999165366
0.6296296296296297,-2.5869745942118803
0.6306306306306306,-5.3666113163983145
0.6316316316316316,-2.1370764809147307
0.6326326326326326,-3.8166149944923724
0.6336336336336337,-4.076969361306361
0.6346346346346347,-4.65317555585051
0.6356356356356356,-5.286413305061283
0.6366366366366366,-2.798375010396943
0.6376376376376376,-3.53772111754486
0.6386386386386387,-4.889999100040328
0.6396396396396397,-4.883622884284122
0.6406406406406406,-3.9123427659614554
0.6416416416416416,-1.8950598593792216
0.6426426426426426,-3.8107068132475463
0.6436436436436437,-5.040804721562745
0.6446446446446447,-3.769464912814047
0.6456456456456456,-3.7820208908823876
0.6466466466466466,-6.19127652080043
0.6476476476476476,-3.533296151161348
0.6486486486486487,-3.6940679107308094
0.6496496496496497,-2.750581712746816
0.6506506506506506,-1.5810112656176654
0.6516516516516516,-2.286108257246294
0.6526526526526526,-3.6637966762276384
0.6536536536536537,-4.483199567194153
0.6546546546546547,-0.7846127746709906
0.6556556556556556,-3.2795886540146992
0.6566566566566566,-3.3052503116648815
0.6576576576576576,-3.3232176969466862
0.6586586586586587,-3.0804639014136943
0.6596596596596597,-3.401910797659523
0.6606606606606606,-3.8097624818201146
0.6616616616616616,-3.7610606344284983
0.6626626626626626,-3.224610142602443
0.6636636636636637,-3.7124936836863087
0.6646646646646647,-3.8586865640497585
0.6656656656656657,-3.015745286054731
0.6666666666666666,-3.353053428778172
0.6676676676676676,-1.5695530535945645
0.6686686686686687,-5.699558048410459
0.6696696696696697,-1.9316992521049268
0.6706706706706707,-1.751317805708317
0.6716716716716716,-5.044572583288056
0.6726726726726726,-3.2872352482940226
0.6736736736736737,-3.288943329648147
0.6746746746746747,-4.2975620921298905
0.6756756756756757,-3.6400118235131718
0.6766766766766766,-3.944516266723261
0.6776776776776777,-1.0530196131715435
0.6786786786786787,-1.8405695124776105
0.6796796796796797,-1.4752627969778673
0.6806806806806807,-1.995331934541643
0.6816816816816816,-3.8158620383800406
0.6826826826826827,-3.1807610637878496
0.6836836836836837,-2.1359251857065993
0.6846846846846847,-3.816119138515749
0.6856856856856857,-1.8493213857993718
0.6866866866866866,-2.770614930129664
0.6876876876876877,-2.8727256660691567
0.6886886886886887,-1.7542102625783986
0.6896896896896897,-1.9878268260199403
0.6906906906906907,-2.759635286142289
0.6916916916916916,-1.2055819697270134
0.6926926926926927,-3.4118860687510097
0.6936936936936937,-1.6804711137340766
0.6946946946946947,-1.668567199930275
0.6956956956956957,-2.536159187738059
0.6966966966966966,-1.8651114142345877
0.6976976976976977,-3.406681990570805
0.6986986986986987,-1.1955626016180658
0.6996996996996997,-2.2682151784887488
0.7007007007007007,-2.5694667296693616
0.7017017017017017,-0.960877472445967
0.7027027027027027,-2.6770908202338988
0.7037037037037037,-3.343791463286953
0.7047047047047047,-3.454270189574111
0.7057057057057057,-1.253674973501571
0.7067067067067067,-3.1018965345275697
0.7077077077077077,-0.028198934423839583
0.7087087087087087,-3.8261975039801825
0.7097097097097097,-0.008841159399900045
0.7107107107107107,-1.4550693882112609
0.7117117117117117,-1.7233546722019397
0.7127127127127127,-2.131886246263419
0.7137137137137137,-1.1479330906146799
0.7147147147147147,-1.54458798572561
0.7157157157157157,-0.36332313230541247
0.7167167167167167,-1.3118624018181975
0.7177177177177178,-1.235052314435949
0.7187187187187187,-1.7080350177828505
0.7197197197197197,-1.3602476081234074
0.7207207207207207,-0.9541956175195188
0.7217217217217217,-2.9306832064340886
0.7227227227227228,-2.5270455181061884
0.7237237237237237,-0.3937749949669508
0.7247247247247247,-0.9241922360189706
0.7257257257257257,-1.2369050938604937
0.7267267267267267,-0.9922033357223773
0.7277277277277278,-0.6206284551538219
0.7287287287287287,-1.4654060874053603
0.7297297297297297,-1.661256729309093
0.7307307307307307,-0.6442877112560211
0.7317317317317317,-1.7755681066067661
0.7327327327327328,-0.3458923888354063
0.7337337337337337,-2.4135720872840416
0.7347347347347347,0.3614242064874734
0.7357357357357357,-0.1517826072571048
0.7367367367367368,-0.3249108414609617
0.7377377377377378,0.44527196503559874
0.7387387387387387,1.1716528830324726
0.7397397397397397,0.5642157076986473
0.7407407407407407,-2.2472978026229997
0.7417417417417418,-1.6422123445274617
0.7427427427427428,-0.9436145377919011
0.7437437437437437,-0.24882045913108652
0.7447447447447447,0.28667079691062375
0.7457457457457457,-0.9127761199147656
0.7467467467467468,0.04371679652866817
0.7477477477477478,-0.8544303525455411
0.7487487487487487,-0.6665486826587439
0.7497497497497497,-1.4176676615229569
0.7507507507507507,-0.8902139408482248
0.7517517517517518,-1.2746440951989988
0.7527527527527528,-0.8548224212448162
0.7537537537537538,1.2186858484743641
0.7547547547547547,-0.7403849327614044
0.7557557557557557,2.8853363980370896
0.7567567567567568,0.7901768775027436
0.7577577577577578,0.5255578088840884
0.7587587587587588,-0.47382151597216837
0.7597597597597597,1.1286064057589602
0.7607607607607607,-0.10364153359560646
0.7617617617617618,0.6376392080266424
0.7627627627627628,3.119274207369278
0.7637637637637638,0.5066110717783657
0.7647647647647647,1.7953404907163981
0.7657657657657657,-0.013804300364330113
0.7667667667667668,0.6975912529022629
0.7677677677677678,2.5464845618020626
0.7687687687687688,0.19171153697147814
0.7697697697697697,2.674006245693801
0.7707707707707707,1.6120670966646315
0.7717717717717718,0.38447821432444207
0.7727727727727728,1.621848908246513
0.7737737737737738,2.004352162762199
0.7747747747747747,1.69581862069731
0.7757757757757757,-0.4541566559167085
0.7767767767767768,0.43083283582078824
0.7777777777777778,0.9521899720884511
0.7787787787787788,1.1668445541038188
0.7797797797797797,1.9033443930653555
0.7807807807807807,1.5015867295626049
0.7817817817817818,0.029568135623663894
0.7827827827827828,1.7859446840536264
0.7837837837837838,2.0569687600084388
0.7847847847847848,2.046605787619532
0.7857857857857857,2.6078188651080545
0.7867867867867868,2.400967932599808
0.7877877877877878,2.066012731144565
0.7887887887887888,1.5762274802757035
0.7897897897897898,0.024760929300211565
0.7907907907907907,2.1544313851374057
0.7917917917917918,1.9713493257259267
0.7927927927927928,2.0738406921637784
0.7937937937937938,0.5638598519421472
0.7947947947947948,0.7976394679806609
0.7957957957957957,2.9696721413068747
0.7967967967967968,1.9145178443304198
0.7977977977977978,2.672852609353463
0.7987987987987988,2.0566692205962633
0.7997997997997998,2.094820793133467
0.8008008008008007,3.0397720471820007
0.8018018018018018,1.6215718251438642
0.8028028028028028,2.2695653584514424
0.8038038038038038,1.7466920744043968
0.8048048048048048,1.809683754925264
0.8058058058058059,1.969905447525534
0.8068068068068068,2.5357890806388417
0.8078078078078078,1.8691598037098711
0.8088088088088088,3.637588324394116
0.8098098098098098,1.5208146562728424
0.8108108108108109,2.2618014405519498
0.8118118118118118,2.041849951358675
0.8128128128128128,3.9611191023413697
0.8138138138138138,2.742904024242943
0.8148148148148148,3.610045230224639
0.8158158158158159,1.1241308204923275
0.8168168168168168,2.907866723639975
0.8178178178178178,3.561203036741163
0.8188188188188188,2.7842383470141248
0.8198198198198198,3.7974390540692298
0.8208208208208209,2.244292683980525
0.8218218218218218,4.200165150755352
0.8228228228228228,5.118562578721767
0.8238238238238238,2.4852789135190343
0.8248248248248248,2.430670412225155
0.8258258258258259,4.357211538530637
0.8268268268268268,4.510648291722291
0.8278278278278278,2.4350565108169677
0.8288288288288288,2.564157833360579
0.8298298298298298,2.7285723507107695
0.8308308308308309,1.6914994939772703
0.8318318318318318,2.142468444060636
0.8328328328328328,2.081724017780547
0.8338338338338338,2.342382355337995
0.8348348348348348,3.0993777099258737
0.8358358358358359,3.391724412804482
0.8368368368368369,4.731018593759752
0.8378378378378378,2.204730817266106
0.8388388388388388,4.209529416012146
0.8398398398398398,3.0328928693014965
0.8408408408408409,3.218642438621365
0.8418418418418419,3.9636970849699216
0.8428428428428428,2.186471365729072
0.8438438438438438,3.7114606876214515
0.8448448448448448,3.5148999430862027
0.8458458458458459,3.859832581524732
0.8468468468468469,3.675017953854475
0.8478478478478478,5.859149543660814
0.8488488488488488,2.783639377620532
0.8498498498498498,2.9074400639267712
0.8508508508508509,2.831879755121032
0.8518518518518519,2.9156500094882114
0.8528528528528528,2.849368484458071
0.8538538538538538,4.690920386423739
0.8548548548548548,4.937074304866663
0.8558558558558559,2.9600061937032685
0.8568568568568569,2.7120939186038777
0.8578578578578578,4.029075044616694
0.8588588588588588,3.0181579254613107
0.8598598598598598,4.215544321070495
0.8608608608608609,3.7972757514366577
0.8618618618618619,2.08985625293043
0.8628628628628628,5.163859407987681
0.8638638638638638,5.422490786276729
0.8648648648648649,3.023587338681336
0.8658658658658659,3.2579404117383532
0.8668668668668669,3.9402754240290765
0.8678678678678678,3.997136172298274
0.8688688688688688,4.32899353538426
0.8698698698698699,5.6879235331551055
0.8708708708708709,3.5075407456741603
0.8718718718718719,2.8924584263659816
0.8728728728728729,2.317202407517188
0.8738738738738738,2.9708554511805745
0.8748748748748749,3.673419965045821
0.8758758758758759,5.5053636158833035
0.8768768768768769,3.196950488081948
0.8778778778778779,3.941602922688129
0.8788788788788788,3.7041424131666685
0.8798798798798799,4.911206156401272
0.8808808808808809,6.251490275481253
0.8818818818818819,3.194931669806267
0.8828828828828829,3.2371015293659537
0.8838838838838838,4.770940699703782
0.8848848848848849,4.40840894605898
0.8858858858858859,5.572461736275535
0.8868868868868869,4.308419483245408
0.8878878878878879,3.363436716335122
0.8888888888888888,4.311122532848341
0.8898898898898899,4.826412402928732
0.8908908908908909,4.5349352633805236
0.8918918918918919,4.217975502269442
0.8928928928928929,4.773129743191264
0.8938938938938938,4.871010558910242
0.8948948948948949,5.078641420186342
0.8958958958958959,4.339468610879821
0.8968968968968969,3.517427132210661
0.8978978978978979,3.8245570187126168
0.8988988988988988,4.877163557999026
0.8998998998998999,2.8460449013963602
0.9009009009009009,4.023496239059189
0.9019019019019019,3.252844580522657
0.9029029029029029,3.6658085837016623
0.9039039039039038,4.905917769064905
0.9049049049049049,3.8084908422875983
0.9059059059059059,3.6532799281935184
0.9069069069069069,2.2359666697890948
0.9079079079079079,4.330585790301162
0.9089089089089089,4.217858029966988
0.9099099099099099,5.723204706084509
0.9109109109109109,3.239284759247032
0.9119119119119119,3.752865648136553
0.9129129129129129,3.769293151600859
0.9139139139139139,5.083101291020358
0.914914914914915,3.3956380610626407
0.9159159159159159,3.754790450768276
0.9169169169169169,4.068053293351333
0.9179179179179179,3.6307091369910283
0.9189189189189189,2.9811679118142553
0.91991991991992,3.604754290687113
0.9209209209209209,4.466923119870123
0.9219219219219219,2.348970550331998
0.9229229229229229,3.4902205821815695
0.9239239239239239,2.6384689647892254
0.924924924924925,4.514552391880164
0.9259259259259259,1.7768153138076903
0.9269269269269269,2.721160722432072
0.9279279279279279,3.6369621760790283
0.9289289289289289,4.804532987549124
0.92992992992993,3.1521118868368436
0.9309309309309309,2.6411140093312033
0.9319319319319319,5.055523917656597
0.9329329329329329,1.7040119683439328
0.933933933933934,0.9304884834383165
0.934934934934935,3.5461909120620416
0.9359359359359359,2.58062166701374
0.9369369369369369,2.0375639239987042
0.9379379379379379,3.742899527164406
0.938938938938939,3.2537197448494384
0.93993993993994,2.420850141797558
0.9409409409409409,1.679272136922865
0.9419419419419419,3.8063239327974325
0.9429429429429429,3.5580044937613327
0.943943943943944,2.7822151936789843
0.944944944944945,4.701271264372654
0.9459459459459459,1.7574526710254539
0.9469469469469469,1.2745799319386553
0.9479479479479479,2.080433781979918
0.948948948948949,2.698666302898593
0.94994994994995,2.9591806364674538
0.950950950950951,2.445877126210764
0.9519519519519519,3.0101284807305584
0.9529529529529529,1.3771862825229875
0.953953953953954,4.042840518869737
0.954954954954955,2.4869774367003625
0.955955955955956,3.656184588363206
0.9569569569569569,2.8510866771979844
0.9579579579579579,2.9343045883276435
0.958958958958959,3.016231224207927
0.95995995995996,2.8628127267542665
0.960960960960961,3.026199947377149
0.9619619619619619,3.6807407242286803
0.9629629629629629,2.5159635808867207
0.963963963963964,2.996048857137708
0.964964964964965,2.164665860899947
0.965965965965966,3.661634323938932
0.9669669669669669,1.5120048213092236
0.9679679679679679,3.955987429348
0.968968968968969,2.08131420546618
0.96996996996997,0.6569029596562943
0.970970970970971,2.1817746178121378
0.9719719719719719,1.3384024406871324
0.9729729729729729,2.8256788435691407
0.973973973973974,1.2977953873093195
0.974974974974975,1.4694284820749886
0.975975975975976,-0.008922163624288215
0.9769769769769769,1.3931386549261662
0.9779779779779779,-0.6137825154088894
0.978978978978979,0.1906769532892998
0.97997997997998,2.4993142474103798
0.980980980980981,2.4888621548957057
0.9819819819819819,2.0925303153231662
0.9829829829829829,0.6639615011569651
0.983983983983984,1.54695111191845
0.984984984984985,1.554650502837111
0.985985985985986,0.3633505103178374
0.986986986986987,2.9884530918648498
0.9879879879879879,2.325639968250719
0.988988988988989,1.1904255662011258
0.98998998998999,1.4012827067972404
0.990990990990991,1.5456877715020287
0.991991991991992,-0.7416149276060144
0.992992992992993,1.0156703406689507
0.993993993993994,0.543509995374292
0.994994994994995,0.18644543232677968
0.995995995995996,0.8694669749568069
0.996996996996997,2.9106922014523535
0.997997997997998,1.7162294834945389
0.998998998998999,0.4665370850524502
1.0,1.5725827813600155
